<?xml version='1.1' encoding='UTF-8'?>
<Tag plugin="workflow-support@3.7">
  <node class="cps.n.StepAtomNode" plugin="workflow-cps@2.87">
    <parentIds>
      <string>12</string>
    </parentIds>
    <id>13</id>
    <descriptorId>org.jenkinsci.plugins.workflow.steps.durable_task.BatchScriptStep</descriptorId>
  </node>
  <actions>
    <cps.a.ArgumentsActionImpl plugin="workflow-cps@2.87">
      <arguments>
        <entry>
          <string>script</string>
          <string>
             FOR /f &quot;tokens=*&quot; %%i IN (&apos;docker ps -aq&apos;) DO docker stop %%i &amp;&amp; docker rm %%i
             docker run -d --rm -ti --name zalenium -p 4444:4444 -v /var/run/docker.sock:/var/run/docker.sock -v /tmp/videos:/home/seluser/videos --privileged dosel/zalenium start 
         </string>
        </entry>
      </arguments>
      <sensitiveVariables/>
      <isUnmodifiedBySanitization>true</isUnmodifiedBySanitization>
    </cps.a.ArgumentsActionImpl>
    <wf.a.TimingAction plugin="workflow-api@2.40">
      <startTime>1607783806645</startTime>
    </wf.a.TimingAction>
    <s.a.LogStorageAction/>
  </actions>
</Tag>