<?xml version='1.1' encoding='UTF-8'?>
<Tag plugin="workflow-support@3.7">
  <node class="cps.n.StepEndNode" plugin="workflow-cps@2.87">
    <parentIds>
      <string>20</string>
    </parentIds>
    <id>21</id>
    <startId>3</startId>
  </node>
  <actions>
    <wf.a.TimingAction plugin="workflow-api@2.40">
      <startTime>1607839292767</startTime>
    </wf.a.TimingAction>
    <wf.a.ErrorAction plugin="workflow-api@2.40">
      <error class="java.lang.NoSuchMethodError">
        <detailMessage>No such DSL method &apos;publishHTML&apos; found among steps [archive, bat, build, catchError, checkout, deleteDir, dir, echo, emailext, emailextrecipients, envVarsForTool, error, fileExists, findBuildScans, getContext, git, input, isUnix, junit, library, libraryResource, load, lock, mail, milestone, node, parallel, powershell, properties, publishChecks, pwd, pwsh, readFile, readTrusted, resolveScm, retry, script, sh, sleep, stage, stash, step, timeout, timestamps, tm, tool, unarchive, unstable, unstash, validateDeclarativePipeline, waitUntil, warnError, withContext, withCredentials, withEnv, withGradle, wrap, writeFile, ws] or symbols [all, allBranchesSame, allOf, always, ant, antFromApache, antOutcome, antTarget, any, anyOf, apiToken, architecture, archiveArtifacts, artifactManager, authorizationMatrix, batchFile, booleanParam, branch, brokenBuildSuspects, brokenTestsSuspects, buildButton, buildDiscarder, buildDiscarders, buildRetention, buildUser, buildingTag, caseInsensitive, caseSensitive, certificate, changeRequest, changelog, changeset, checkoutToSubdirectory, choice, choiceParam, cleanWs, clock, command, credentials, cron, crumb, culprits, defaultFolderConfiguration, defaultView, demand, developers, disableConcurrentBuilds, disableResume, downstream, dumb, durabilityHint, email-ext, envVars, envVarsFilter, environment, equals, expression, file, fileParam, filePath, fingerprint, fingerprints, frameOptions, freeStyle, freeStyleJob, fromScm, fromSource, git, gitBranchDiscovery, gitHubBranchDiscovery, gitHubBranchHeadAuthority, gitHubExcludeArchivedRepositories, gitHubExcludePublicRepositories, gitHubForkDiscovery, gitHubPullRequestDiscovery, gitHubSshCheckout, gitHubTagDiscovery, gitHubTopicsFilter, gitHubTrustContributors, gitHubTrustEveryone, gitHubTrustNobody, gitHubTrustPermissions, gitTagDiscovery, github, githubPush, gradle, headRegexFilter, headWildcardFilter, hyperlink, hyperlinkToModels, inheriting, inheritingGlobal, installSource, isRestartedRun, jdk, jdkInstaller, jgit, jgitapache, jnlp, jobBuildDiscarder, jobName, junitTestResultStorage, label, lastDuration, lastFailure, lastGrantedAuthorities, lastStable, lastSuccess, legacy, legacySCM, list, local, location, logRotator, loggedInUsersCanDoAnything, mailer, masterBuild, maven, maven3Mojos, mavenErrors, mavenMojos, mavenWarnings, modernSCM, myView, namedBranchesDifferent, node, nodeProperties, nonInheriting, none, not, overrideIndexTriggers, paneStatus, parallelsAlwaysFailFast, parameters, password, pattern, permanent, pipelineTriggers, plainText, plugin, pollSCM, preserveStashes, projectNamingStrategy, proxy, pruneTags, queueItemAuthenticator, quietPeriod, rateLimit, rateLimitBuilds, recipients, requestor, resourceRoot, retainOnlyVariables, run, runParam, sSHLauncher, schedule, scmRetryCount, scriptApproval, scriptApprovalLink, search, security, shell, simpleBuildDiscarder, skipDefaultCheckout, skipStagesAfterUnstable, slave, sourceRegexFilter, sourceWildcardFilter, ssh, sshPublicKey, sshUserPrivateKey, standard, status, string, stringParam, suppressAutomaticTriggering, swapSpace, tag, teamSlugFilter, text, textParam, timestamper, timestamperConfig, timezone, tmpSpace, toolLocation, triggeredBy, unsecured, untrusted, upstream, upstreamDevelopers, userSeed, usernameColonPassword, usernamePassword, viewsTabBar, weather, withAnt, zfs, zip] or globals [currentBuild, env, params, pipeline, scm]</detailMessage>
        <stackTrace>
          <trace>org.jenkinsci.plugins.workflow.cps.DSL.invokeMethod(DSL.java:216)</trace>
          <trace>org.jenkinsci.plugins.workflow.cps.CpsScript.invokeMethod(CpsScript.java:122)</trace>
          <trace>java.base/jdk.internal.reflect.NativeMethodAccessorImpl.invoke0(Native Method)</trace>
          <trace>java.base/jdk.internal.reflect.NativeMethodAccessorImpl.invoke(NativeMethodAccessorImpl.java:62)</trace>
          <trace>java.base/jdk.internal.reflect.DelegatingMethodAccessorImpl.invoke(DelegatingMethodAccessorImpl.java:43)</trace>
          <trace>java.base/java.lang.reflect.Method.invoke(Method.java:566)</trace>
          <trace>org.codehaus.groovy.reflection.CachedMethod.invoke(CachedMethod.java:93)</trace>
          <trace>groovy.lang.MetaMethod.doMethodInvoke(MetaMethod.java:325)</trace>
          <trace>groovy.lang.MetaClassImpl.invokeMethod(MetaClassImpl.java:1213)</trace>
          <trace>groovy.lang.MetaClassImpl.invokeMethod(MetaClassImpl.java:1022)</trace>
          <trace>org.codehaus.groovy.runtime.callsite.PogoMetaClassSite.call(PogoMetaClassSite.java:42)</trace>
          <trace>org.codehaus.groovy.runtime.callsite.CallSiteArray.defaultCall(CallSiteArray.java:48)</trace>
          <trace>org.codehaus.groovy.runtime.callsite.AbstractCallSite.call(AbstractCallSite.java:113)</trace>
          <trace>org.kohsuke.groovy.sandbox.impl.Checker$1.call(Checker.java:163)</trace>
          <trace>org.kohsuke.groovy.sandbox.GroovyInterceptor.onMethodCall(GroovyInterceptor.java:23)</trace>
          <trace>org.jenkinsci.plugins.scriptsecurity.sandbox.groovy.SandboxInterceptor.onMethodCall(SandboxInterceptor.java:157)</trace>
          <trace>org.kohsuke.groovy.sandbox.impl.Checker$1.call(Checker.java:161)</trace>
          <trace>org.kohsuke.groovy.sandbox.impl.Checker.checkedCall(Checker.java:165)</trace>
          <trace>org.kohsuke.groovy.sandbox.impl.Checker.checkedCall(Checker.java:135)</trace>
          <trace>org.kohsuke.groovy.sandbox.impl.Checker.checkedCall(Checker.java:135)</trace>
          <trace>com.cloudbees.groovy.cps.sandbox.SandboxInvoker.methodCall(SandboxInvoker.java:17)</trace>
          <trace>WorkflowScript.run(WorkflowScript:19)</trace>
          <trace>___cps.transform___(Native Method)</trace>
          <trace>com.cloudbees.groovy.cps.impl.ContinuationGroup.methodCall(ContinuationGroup.java:86)</trace>
          <trace>com.cloudbees.groovy.cps.impl.FunctionCallBlock$ContinuationImpl.dispatchOrArg(FunctionCallBlock.java:113)</trace>
          <trace>com.cloudbees.groovy.cps.impl.FunctionCallBlock$ContinuationImpl.fixArg(FunctionCallBlock.java:83)</trace>
          <trace>java.base/jdk.internal.reflect.NativeMethodAccessorImpl.invoke0(Native Method)</trace>
          <trace>java.base/jdk.internal.reflect.NativeMethodAccessorImpl.invoke(NativeMethodAccessorImpl.java:62)</trace>
          <trace>java.base/jdk.internal.reflect.DelegatingMethodAccessorImpl.invoke(DelegatingMethodAccessorImpl.java:43)</trace>
          <trace>java.base/java.lang.reflect.Method.invoke(Method.java:566)</trace>
          <trace>com.cloudbees.groovy.cps.impl.ContinuationPtr$ContinuationImpl.receive(ContinuationPtr.java:72)</trace>
          <trace>com.cloudbees.groovy.cps.impl.CollectionLiteralBlock$ContinuationImpl.dispatch(CollectionLiteralBlock.java:55)</trace>
          <trace>com.cloudbees.groovy.cps.impl.CollectionLiteralBlock$ContinuationImpl.item(CollectionLiteralBlock.java:45)</trace>
          <trace>jdk.internal.reflect.GeneratedMethodAccessor126.invoke(Unknown Source)</trace>
          <trace>java.base/jdk.internal.reflect.DelegatingMethodAccessorImpl.invoke(DelegatingMethodAccessorImpl.java:43)</trace>
          <trace>java.base/java.lang.reflect.Method.invoke(Method.java:566)</trace>
          <trace>com.cloudbees.groovy.cps.impl.ContinuationPtr$ContinuationImpl.receive(ContinuationPtr.java:72)</trace>
          <trace>com.cloudbees.groovy.cps.impl.ConstantBlock.eval(ConstantBlock.java:21)</trace>
          <trace>com.cloudbees.groovy.cps.Next.step(Next.java:83)</trace>
          <trace>com.cloudbees.groovy.cps.Continuable$1.call(Continuable.java:174)</trace>
          <trace>com.cloudbees.groovy.cps.Continuable$1.call(Continuable.java:163)</trace>
          <trace>org.codehaus.groovy.runtime.GroovyCategorySupport$ThreadCategoryInfo.use(GroovyCategorySupport.java:129)</trace>
          <trace>org.codehaus.groovy.runtime.GroovyCategorySupport.use(GroovyCategorySupport.java:268)</trace>
          <trace>com.cloudbees.groovy.cps.Continuable.run0(Continuable.java:163)</trace>
          <trace>org.jenkinsci.plugins.workflow.cps.SandboxContinuable.access$001(SandboxContinuable.java:18)</trace>
          <trace>org.jenkinsci.plugins.workflow.cps.SandboxContinuable.run0(SandboxContinuable.java:51)</trace>
          <trace>org.jenkinsci.plugins.workflow.cps.CpsThread.runNextChunk(CpsThread.java:185)</trace>
          <trace>org.jenkinsci.plugins.workflow.cps.CpsThreadGroup.run(CpsThreadGroup.java:400)</trace>
          <trace>org.jenkinsci.plugins.workflow.cps.CpsThreadGroup.access$400(CpsThreadGroup.java:96)</trace>
          <trace>org.jenkinsci.plugins.workflow.cps.CpsThreadGroup$2.call(CpsThreadGroup.java:312)</trace>
          <trace>org.jenkinsci.plugins.workflow.cps.CpsThreadGroup$2.call(CpsThreadGroup.java:276)</trace>
          <trace>org.jenkinsci.plugins.workflow.cps.CpsVmExecutorService$2.call(CpsVmExecutorService.java:67)</trace>
          <trace>java.base/java.util.concurrent.FutureTask.run(FutureTask.java:264)</trace>
          <trace>hudson.remoting.SingleLaneExecutorService$1.run(SingleLaneExecutorService.java:136)</trace>
          <trace>jenkins.util.ContextResettingExecutorService$1.run(ContextResettingExecutorService.java:28)</trace>
          <trace>jenkins.security.ImpersonatingExecutorService$1.run(ImpersonatingExecutorService.java:59)</trace>
          <trace>java.base/java.util.concurrent.Executors$RunnableAdapter.call(Executors.java:515)</trace>
          <trace>java.base/java.util.concurrent.FutureTask.run(FutureTask.java:264)</trace>
          <trace>java.base/java.util.concurrent.ThreadPoolExecutor.runWorker(ThreadPoolExecutor.java:1128)</trace>
          <trace>java.base/java.util.concurrent.ThreadPoolExecutor$Worker.run(ThreadPoolExecutor.java:628)</trace>
          <trace>java.base/java.lang.Thread.run(Thread.java:834)</trace>
        </stackTrace>
        <suppressedExceptions class="empty-list"/>
      </error>
    </wf.a.ErrorAction>
    <wf.a.ErrorAction plugin="workflow-api@2.40">
      <error class="java.lang.NoSuchMethodError" reference="../../wf.a.ErrorAction/error"/>
    </wf.a.ErrorAction>
  </actions>
</Tag>