<?xml version='1.1' encoding='UTF-8'?>
<Tag plugin="workflow-support@3.7">
  <node class="cps.n.StepAtomNode" plugin="workflow-cps@2.87">
    <parentIds>
      <string>6</string>
    </parentIds>
    <id>7</id>
    <descriptorId>org.jenkinsci.plugins.workflow.steps.scm.GenericSCMStep</descriptorId>
  </node>
  <actions>
    <cps.a.ArgumentsActionImpl plugin="workflow-cps@2.87">
      <arguments>
        <entry>
          <string>scm</string>
          <linked-hash-map>
            <entry>
              <string>$class</string>
              <string>GitSCM</string>
            </entry>
            <entry>
              <string>branches</string>
              <list>
                <linked-hash-map>
                  <entry>
                    <string>name</string>
                    <string>*/master</string>
                  </entry>
                </linked-hash-map>
              </list>
            </entry>
            <entry>
              <string>doGenerateSubmoduleConfigurations</string>
              <boolean>false</boolean>
            </entry>
            <entry>
              <string>extensions</string>
              <list/>
            </entry>
            <entry>
              <string>submoduleCfg</string>
              <list/>
            </entry>
            <entry>
              <string>userRemoteConfigs</string>
              <list>
                <linked-hash-map>
                  <entry>
                    <string>credentialsId</string>
                    <string></string>
                  </entry>
                  <entry>
                    <string>url</string>
                    <string>https://github.com/swargamramya11/jenkins</string>
                  </entry>
                </linked-hash-map>
              </list>
            </entry>
          </linked-hash-map>
        </entry>
      </arguments>
      <sensitiveVariables/>
      <isUnmodifiedBySanitization>true</isUnmodifiedBySanitization>
    </cps.a.ArgumentsActionImpl>
    <wf.a.TimingAction plugin="workflow-api@2.40">
      <startTime>1607839222196</startTime>
    </wf.a.TimingAction>
    <s.a.LogStorageAction/>
  </actions>
</Tag>