<?xml version='1.1' encoding='UTF-8'?>
<Tag plugin="workflow-support@3.7">
  <node class="cps.n.StepStartNode" plugin="workflow-cps@2.87">
    <parentIds>
      <string>5</string>
    </parentIds>
    <id>6</id>
    <descriptorId>org.jenkinsci.plugins.workflow.support.steps.StageStep</descriptorId>
  </node>
  <actions>
    <wf.a.BodyInvocationAction plugin="workflow-api@2.40"/>
    <wf.a.LabelAction plugin="workflow-api@2.40">
      <displayName>Git Checkout</displayName>
    </wf.a.LabelAction>
    <wf.a.TimingAction plugin="workflow-api@2.40">
      <startTime>1607839664888</startTime>
    </wf.a.TimingAction>
  </actions>
</Tag>