<?xml version='1.1' encoding='UTF-8'?>
<Tag plugin="workflow-support@3.7">
  <node class="cps.n.StepStartNode" plugin="workflow-cps@2.87">
    <parentIds>
      <string>9</string>
    </parentIds>
    <id>10</id>
    <descriptorId>org.jenkinsci.plugins.workflow.support.steps.StageStep</descriptorId>
  </node>
  <actions>
    <s.a.LogStorageAction/>
    <cps.a.ArgumentsActionImpl plugin="workflow-cps@2.87">
      <arguments>
        <entry>
          <string>name</string>
          <string>Execute Scripts</string>
        </entry>
      </arguments>
      <sensitiveVariables/>
      <isUnmodifiedBySanitization>true</isUnmodifiedBySanitization>
    </cps.a.ArgumentsActionImpl>
    <wf.a.TimingAction plugin="workflow-api@2.40">
      <startTime>1607778041658</startTime>
    </wf.a.TimingAction>
  </actions>
</Tag>