<?xml version='1.1' encoding='UTF-8'?>
<Tag plugin="workflow-support@3.7">
  <node class="cps.n.StepAtomNode" plugin="workflow-cps@2.87">
    <parentIds>
      <string>17</string>
    </parentIds>
    <id>18</id>
    <descriptorId>htmlpublisher.workflow.PublishHTMLStep</descriptorId>
  </node>
  <actions>
    <cps.a.ArgumentsActionImpl plugin="workflow-cps@2.87">
      <arguments>
        <entry>
          <string>target</string>
          <linked-hash-map>
            <entry>
              <string>allowMissing</string>
              <boolean>false</boolean>
            </entry>
            <entry>
              <string>alwaysLinkToLastBuild</string>
              <boolean>false</boolean>
            </entry>
            <entry>
              <string>keepAll</string>
              <boolean>false</boolean>
            </entry>
            <entry>
              <string>reportDir</string>
              <string>target</string>
            </entry>
            <entry>
              <string>reportFiles</string>
              <string>extent-reports.html</string>
            </entry>
            <entry>
              <string>reportName</string>
              <string>Extent Report</string>
            </entry>
            <entry>
              <string>reportTitles</string>
              <string></string>
            </entry>
          </linked-hash-map>
        </entry>
      </arguments>
      <sensitiveVariables/>
      <isUnmodifiedBySanitization>true</isUnmodifiedBySanitization>
    </cps.a.ArgumentsActionImpl>
    <wf.a.TimingAction plugin="workflow-api@2.40">
      <startTime>1607777061478</startTime>
    </wf.a.TimingAction>
    <s.a.LogStorageAction/>
  </actions>
</Tag>