<?xml version='1.1' encoding='UTF-8'?>
<Tag plugin="workflow-support@3.7">
  <node class="org.jenkinsci.plugins.workflow.graph.FlowEndNode" plugin="workflow-api@2.40">
    <parentIds>
      <string>23</string>
    </parentIds>
    <id>24</id>
    <startId>2</startId>
    <result>
      <name>ABORTED</name>
      <ordinal>4</ordinal>
      <color>ABORTED</color>
      <completeBuild>false</completeBuild>
    </result>
  </node>
  <actions>
    <wf.a.TimingAction plugin="workflow-api@2.40">
      <startTime>1607840373604</startTime>
    </wf.a.TimingAction>
  </actions>
</Tag>