<?xml version='1.1' encoding='UTF-8'?>
<Tag plugin="workflow-support@3.7">
  <node class="cps.n.StepAtomNode" plugin="workflow-cps@2.87">
    <parentIds>
      <string>18</string>
    </parentIds>
    <id>19</id>
    <descriptorId>org.jenkinsci.plugins.workflow.steps.durable_task.BatchScriptStep</descriptorId>
  </node>
  <actions>
    <cps.a.ArgumentsActionImpl plugin="workflow-cps@2.87">
      <arguments>
        <entry>
          <string>script</string>
          <string>
                 docker run -d --link selenium-hub:hub selenium/node-chrome
                 docker run -d --link selenium-hub:hub selenium/node-chrome
                 docker run -d --link selenium-hub:hub selenium/node-chrome
                
           
             </string>
        </entry>
      </arguments>
      <sensitiveVariables/>
      <isUnmodifiedBySanitization>true</isUnmodifiedBySanitization>
    </cps.a.ArgumentsActionImpl>
    <wf.a.TimingAction plugin="workflow-api@2.40">
      <startTime>1607780195768</startTime>
    </wf.a.TimingAction>
    <s.a.LogStorageAction/>
  </actions>
</Tag>