<?xml version='1.1' encoding='UTF-8'?>
<Tag plugin="workflow-support@3.7">
  <node class="cps.n.StepEndNode" plugin="workflow-cps@2.87">
    <parentIds>
      <string>20</string>
    </parentIds>
    <id>21</id>
    <startId>16</startId>
  </node>
  <actions>
    <wf.a.TimingAction plugin="workflow-api@2.40">
      <startTime>1607839959797</startTime>
    </wf.a.TimingAction>
    <wf.a.ErrorAction plugin="workflow-api@2.40">
      <error class="hudson.AbortException">
        <detailMessage>script returned exit code 1</detailMessage>
        <stackTrace>
          <trace>org.jenkinsci.plugins.workflow.steps.durable_task.DurableTaskStep$Execution.handleExit(DurableTaskStep.java:659)</trace>
          <trace>org.jenkinsci.plugins.workflow.steps.durable_task.DurableTaskStep$Execution.check(DurableTaskStep.java:605)</trace>
          <trace>org.jenkinsci.plugins.workflow.steps.durable_task.DurableTaskStep$Execution.run(DurableTaskStep.java:549)</trace>
          <trace>java.base/java.util.concurrent.Executors$RunnableAdapter.call(Executors.java:515)</trace>
          <trace>java.base/java.util.concurrent.FutureTask.run(FutureTask.java:264)</trace>
          <trace>java.base/java.util.concurrent.ScheduledThreadPoolExecutor$ScheduledFutureTask.run(ScheduledThreadPoolExecutor.java:304)</trace>
          <trace>java.base/java.util.concurrent.ThreadPoolExecutor.runWorker(ThreadPoolExecutor.java:1128)</trace>
          <trace>java.base/java.util.concurrent.ThreadPoolExecutor$Worker.run(ThreadPoolExecutor.java:628)</trace>
          <trace>java.base/java.lang.Thread.run(Thread.java:834)</trace>
        </stackTrace>
        <suppressedExceptions class="empty-list"/>
      </error>
    </wf.a.ErrorAction>
  </actions>
</Tag>